concept,category,domain,filename1,HR_pp,HR_pw
blender,appliances,nonliving,blender_exemplar1.jpg,0.413793,0.555556
chainsaw,appliances,nonliving,chainsaw_exemplar1.jpg,0.527273,0.48
coffeemaker,appliances,nonliving,coffeemaker_exemplar1.jpg,0.551724,0.464286
dishwasher,appliances,nonliving,dishwasher_exemplar1.jpg,0.458333,0.535714
dryer,appliances,nonliving,dryer_exemplar1.jpg,0.58,0.535714
fan,appliances,nonliving,fan_exemplar1.jpg,0.555556,0.636364
handheld vacuum,appliances,nonliving,handheld_vacuum_exemplar1.jpg,0.448276,0.703704
iron,appliances,nonliving,iron_exemplar1.jpg,0.482759,0.678571
lawnmower,appliances,nonliving,lawnmower_exemplar1.jpg,0.5,0.6
microwave,appliances,nonliving,microwave_exemplar1.jpg,0.466667,0.444444
mixer,appliances,nonliving,mixer_exemplar1.jpg,0.6,0.518519
oven,appliances,nonliving,oven_exemplar1.jpg,0.527778,NA
refrigerator,appliances,nonliving,refrigerator_exemplar1.jpg,0.607143,0.62963
sewing machine,appliances,nonliving,sewing_machine_exemplar1.jpg,0.444444,NA
table saw,appliances,nonliving,table_saw_exemplar1.jpg,0.44898,0.466667
toaster,appliances,nonliving,toaster_exemplar1.jpg,0.381818,0.538462
toaster oven,appliances,nonliving,toaster_oven_exemplar1.jpg,0.5,0.636364
vacuum,appliances,nonliving,vacuum_exemplar1.jpg,0.488889,0.522727
vcr,appliances,nonliving,vcr_exemplar1.jpg,0.488889,0.409091
waffle iron,appliances,nonliving,waffle_iron_exemplar1.jpg,0.451613,0.7
washing machine,appliances,nonliving,washing_machine_exemplar1.jpg,0.48,0.457143
baby bottle,baby,nonliving,baby_bottle_exemplar1.jpg,0.489796,0.571429
baby carriage,baby,nonliving,baby_carriage_exemplar1.jpg,0.466667,0.622222
baby shoes,baby,nonliving,baby_shoes_exemplar1.jpg,0.522727,0.395349
bib,baby,nonliving,bib_exemplar1.jpg,0.446429,0.481481
booties,baby,nonliving,booties_exemplar1.jpg,0.38,0.333333
carseat,baby,nonliving,carseat_exemplar1.jpg,0.25,0.571429
diaper,baby,nonliving,diaper_exemplar1.jpg,0.607143,0.555556
diaperbag,baby,nonliving,diaperbag_exemplar1.jpg,0.264706,0.37931
stroller,baby,nonliving,stroller_exemplar1.jpg,0.583333,0.607143
bluebird,birds,living,bluebird_exemplar1.jpg,0.74,0.428571
canary,birds,living,canary_exemplar1.jpg,0.644444,0.488372
cardinal,birds,living,cardinal_exemplar1.jpg,0.689655,0.607143
chick,birds,living,chick_exemplar1.jpg,0.827586,0.777778
chicken,birds,living,chicken_exemplar1.jpg,0.690909,0.807692
crow,birds,living,crow_exemplar1.jpg,0.857143,0.386364
dodo,birds,living,dodo_exemplar1.jpg,0.77551,0.642857
duck,birds,living,duck_exemplar1.jpg,0.5,0.533333
eagle,birds,living,eagle_exemplar1.jpg,0.78,0.764706
egg,birds,living,egg_exemplar1.jpg,0.644444,0.681818
emu,birds,living,emu_exemplar1.jpg,0.689655,0.5
feather,birds,living,feather_exemplar1.jpg,0.611111,NA
flamingo,birds,living,flamingo_exemplar1.jpg,0.857143,0.866667
goose,birds,living,goose_exemplar1.jpg,0.688889,0.444444
hawk,birds,living,hawk_exemplar1.jpg,0.727273,0.533333
heron,birds,living,heron_exemplar1.jpg,0.64,0.518519
hummingbird,birds,living,hummingbird_exemplar1.jpg,0.68,0.851852
kingfisher,birds,living,kingfisher_exemplar1.jpg,0.724138,0.392857
ostrich,birds,living,ostrich_exemplar1.jpg,0.842105,0.538462
owl,birds,living,owl_exemplar1.jpg,0.816327,0.657143
parrot,birds,living,parrot_exemplar1.jpg,0.771429,NA
peacock,birds,living,peacock_exemplar1.jpg,0.84,0.555556
pelican,birds,living,pelican_exemplar1.jpg,0.666667,0.766667
penguin,birds,living,penguin_exemplar1.jpg,0.821429,0.592593
pheasant,birds,living,pheasant_exemplar1.jpg,0.5,0.290323
puffin,birds,living,puffin_exemplar1.jpg,0.416667,NA
robin,birds,living,robin_exemplar1.jpg,0.92,0.558824
seagull,birds,living,seagull_exemplar1.jpg,0.767857,0.615385
stork,birds,living,stork_exemplar1.jpg,0.793103,0.296296
swan,birds,living,swan_exemplar1.jpg,0.77551,0.703704
toucan,birds,living,toucan_exemplar1.jpg,0.888889,0.613636
turkey,birds,living,turkey_exemplar1.jpg,0.694444,0.689655
vulture,birds,living,vulture_exemplar1.jpg,0.66,0.607143
woodpecker,birds,living,woodpecker_exemplar1.jpg,0.857143,0.777778
ankle,body parts,living,ankle_exemplar1.jpg,0.888889,0.586207
ear,body parts,living,ear_exemplar1.jpg,0.78,0.857143
eye,body parts,living,eye_exemplar1.jpg,NA,0.4
false teeth,body parts,living,false_teeth_exemplar1.jpg,0.862069,0.777778
finger,body parts,living,finger_exemplar1.jpg,0.840909,0.790698
hand,body parts,living,hand_exemplar1.jpg,0.839286,0.769231
leg,body parts,living,leg_exemplar1.jpg,0.822222,0.697674
nose,body parts,living,nose_exemplar1.jpg,0.655172,0.75
shoulder,body parts,living,shoulder_exemplar1.jpg,0.829787,0.666667
tongue,body parts,living,tongue_exemplar1.jpg,0.7,0.678571
wrist,body parts,living,wrist_exemplar1.jpg,0.714286,0.576923
aqueduct,building,nonliving,aqueduct_exemplar1.jpg,0.54,0.269231
arch,building,nonliving,arch_exemplar1.jpg,0.6,0.355556
barn,building,nonliving,barn_exemplar1.jpg,0.5,0.586207
bridge,building,nonliving,bridge_exemplar1.jpg,0.638298,0.642857
building,building,nonliving,building_exemplar1.jpg,0.388889,0.692308
cabin,building,nonliving,cabin_exemplar1.jpg,0.489796,0.558824
castle,building,nonliving,castle_exemplar1.jpg,0.357143,0.444444
church,building,nonliving,church_exemplar1.jpg,0.555556,0.666667
dome,building,nonliving,dome_exemplar1.jpg,0.428571,0.264706
factory,building,nonliving,factory_exemplar1.jpg,0.408163,0.428571
ferris wheel,building,nonliving,ferris_wheel_exemplar1.jpg,0.482759,0.464286
fire station,building,nonliving,fire_station_exemplar1.jpg,0.485714,NA
gas station,building,nonliving,gas_station_exemplar1.jpg,0.527778,NA
greenhouse,building,nonliving,greenhouse_exemplar1.jpg,0.886364,0.688889
house,building,nonliving,house_exemplar1.jpg,0.44898,0.5
hut,building,nonliving,hut_exemplar1.jpg,0.52,0.266667
lighthouse,building,nonliving,lighthouse_exemplar1.jpg,0.55102,0.62963
merry-go-round,building,nonliving,merry-go-round_exemplar1.jpg,0.938776,0.357143
mosque,building,nonliving,mosque_exemplar1.jpg,0.482143,0.307692
office building,building,nonliving,office_building_exemplar1.jpg,0.551724,0.535714
pagoda,building,nonliving,pagoda_exemplar1.jpg,0.590909,0.418605
pyramid,building,nonliving,pyramid_exemplar1.jpg,0.485714,0.666667
radio tower,building,nonliving,radio_tower_exemplar1.jpg,0.711111,0.5
silo,building,nonliving,silo_exemplar1.jpg,0.52,0.321429
skyscraper,building,nonliving,skyscraper_exemplar1.jpg,0.481481,0.5
teepee,building,nonliving,teepee_exemplar1.jpg,0.563636,0.538462
windmill,building,nonliving,windmill_exemplar1.jpg,0.422222,0.590909
armor,clothing,nonliving,armor_exemplar1.jpg,0.696429,0.592593
backpack,clothing,nonliving,backpack_exemplar1.jpg,0.408163,0.586207
ballet slipper,clothing,nonliving,ballet_slipper_exemplar1.jpg,0.38,0.678571
beanie,clothing,nonliving,beanie_exemplar1.jpg,0.407407,0.269231
belt,clothing,nonliving,belt_exemplar1.jpg,0.653061,0.413793
beret,clothing,nonliving,beret_exemplar1.jpg,0.592593,0.48
bike helmet,clothing,nonliving,bike_helmet_exemplar1.jpg,0.46,0.5
blouse,clothing,nonliving,blouse_exemplar1.jpg,0.533333,0.348837
boot,clothing,nonliving,boot_exemplar1.jpg,0.47619,0.545455
bow tie,clothing,nonliving,bow_tie_exemplar1.jpg,0.448276,0.428571
bowler hat,clothing,nonliving,bowler_hat_exemplar1.jpg,0.678571,0.444444
bracelet,clothing,nonliving,bracelet_exemplar1.jpg,0.518519,0.538462
cap,clothing,nonliving,cap_exemplar1.jpg,0.408163,0.678571
charm,clothing,nonliving,charm_exemplar1.jpg,0.42,0.346154
clog,clothing,nonliving,clog_exemplar1.jpg,0.755556,0.477273
combat boot,clothing,nonliving,combat_boot_exemplar1.jpg,0.733333,0.395349
construction helmet,clothing,nonliving,construction_helmet_exemplar1.jpg,0.4,NA
cowboy boot,clothing,nonliving,cowboy_boot_exemplar1.jpg,0.62,0.514286
cowboy hat,clothing,nonliving,cowboy_hat_exemplar1.jpg,0.377778,0.466667
dress,clothing,nonliving,dress_exemplar1.jpg,0.387755,0.75
dress shoe,clothing,nonliving,dress_shoe_exemplar1.jpg,0.535714,0.56
earring,clothing,nonliving,earring_exemplar1.jpg,0.535714,0.407407
eyeglasses,clothing,nonliving,eyeglasses_exemplar1.jpg,0.489796,0.517241
fanny-pack,clothing,nonliving,fanny-pack_exemplar1.jpg,0.222222,NA
female suit,clothing,nonliving,female_suit_exemplar1.jpg,0.36,0.37037
fez,clothing,nonliving,fez_exemplar1.jpg,0.5,0.355556
fire hat,clothing,nonliving,fire_hat_exemplar1.jpg,0.490909,0.518519
glove,clothing,nonliving,glove_exemplar1.jpg,0.4375,NA
goggles,clothing,nonliving,goggles_exemplar1.jpg,0.448276,0.535714
haircomb,clothing,nonliving,haircomb_exemplar1.jpg,0.777778,0.395349
handbag,clothing,nonliving,handbag_exemplar1.jpg,0.37931,0.576923
headband,clothing,nonliving,headband_exemplar1.jpg,0.644444,0.363636
headdress,clothing,nonliving,headdress_exemplar1.jpg,0.361111,0.4
helmet,clothing,nonliving,helmet_exemplar1.jpg,0.48,0.685714
hunting cap,clothing,nonliving,hunting_cap_exemplar1.jpg,0.464286,0.48
ice skate,clothing,nonliving,ice_skate_exemplar1.jpg,0.392857,0.678571
jacket,clothing,nonliving,jacket_exemplar1.jpg,0.206897,0.428571
lei,clothing,nonliving,lei_exemplar1.jpg,0.827586,0.555556
life jacket,clothing,nonliving,life_jacket_exemplar1.jpg,0.47619,0.452381
loafer,clothing,nonliving,loafer_exemplar1.jpg,0.511111,0.454545
male suit,clothing,nonliving,male_suit_exemplar1.jpg,0.333333,0.296296
mask,clothing,nonliving,mask_exemplar1.jpg,0.6,0.463415
men's hat,clothing,nonliving,mens_hat_exemplar1.jpg,0.392857143,NA
mitten,clothing,nonliving,mitten_exemplar1.jpg,0.285714,0.4
mocassins,clothing,nonliving,mocassins_exemplar1.jpg,0.277778,NA
nightgown,clothing,nonliving,nightgown_exemplar1.jpg,0.257143,NA
pants,clothing,nonliving,pants_exemplar1.jpg,0.469388,0.4
pearl necklace,clothing,nonliving,pearl_necklace_exemplar1.jpg,0.36,0.485714
pirate hat,clothing,nonliving,pirate_hat_exemplar1.jpg,0.285714,0.296296
pith helmet,clothing,nonliving,pith_helmet_exemplar1.jpg,0.428571,0.357143
pocket watch,clothing,nonliving,pocketwatch_exemplar1.jpg,0.56,0.428571
police hat,clothing,nonliving,police_hat_exemplar1.jpg,0.444444,NA
polo shirt,clothing,nonliving,polo_shirt_exemplar1.jpg,0.055556,NA
purse,clothing,nonliving,purse_exemplar1.jpg,0.25,0.666667
rainboot,clothing,nonliving,rainboot_exemplar1.jpg,0.321429,0.37037
ring,clothing,nonliving,ring_exemplar1.jpg,0.54,0.571429
rock-climbing shoe,clothing,nonliving,rock-climbing_shoe_exemplar1.jpg,0.371429,0.4
safety goggles,clothing,nonliving,safety_goggle_exemplar1.jpg,0.346939,0.535714
sailor hat,clothing,nonliving,sailor_hat_exemplar1.jpg,0.4,0.366667
sandal,clothing,nonliving,sandal_exemplar1.jpg,0.2,0.52
scarf,clothing,nonliving,scarf_exemplar1.jpg,0.327273,0.423077
shirt,clothing,nonliving,shirt_exemplar1.jpg,0.5,0.448276
shoelace,clothing,nonliving,shoelace_exemplar1.jpg,0.387755,0.333333
ski mask,clothing,nonliving,ski_mask_exemplar1.jpg,0.77551,0.2
skirt,clothing,nonliving,skirt_exemplar1.jpg,0.454545,0.372093
slipper,clothing,nonliving,slipper_exemplar1.jpg,0.491228,0.62963
sneakers,clothing,nonliving,sneakers_exemplar1.jpg,0.375,0.48
sock,clothing,nonliving,sock_exemplar1.jpg,0.375,0.628571
sombrero,clothing,nonliving,sombrero_exemplar1.jpg,0.408163,0.518519
sunglasses,clothing,nonliving,sunglasses_exemplar1.jpg,0.314286,0.5
swimsuit,clothing,nonliving,swimsuit_exemplar1.jpg,0.535714,0.481481
tanktop,clothing,nonliving,tanktop_exemplar1.jpg,0.592593,0.392857
tie,clothing,nonliving,tie_exemplar1.jpg,0.416667,NA
tophat,clothing,nonliving,tophat_exemplar1.jpg,0.611111,0.461538
viking helmet,clothing,nonliving,viking_helmet_exemplar1.jpg,0.54,0.607143
wetsuit,clothing,nonliving,wetsuit_exemplar1.jpg,0.326531,0.4
women's hat,clothing,nonliving,womens_hat_exemplar1.jpg,0.2,0.296296296
wristwatch,clothing,nonliving,wristwatch_exemplar1.jpg,0.436364,0.576923
chalice,decorative,nonliving,chalice_exemplar1.jpg,0.92,0.5
cigar box,decorative,nonliving,cigar_box_exemplar1.jpg,0.64,0.296296
cross,decorative,nonliving,cross_exemplar1.jpg,0.790698,0.5
dragon statue,decorative,nonliving,dragon_statue_exemplar1.jpg,0.551724,0.740741
fairy statue,decorative,nonliving,fairy_statue_exemplar1.jpg,0.785714,0.48
geode,decorative,nonliving,geode_exemplar1.jpg,0.814815,0.5
globe,decorative,nonliving,globe_exemplar1.jpg,0.622222,0.674419
hollywood star,decorative,nonliving,hollywood_star_exemplar1.jpg,0.591837,0.233333
hookah,decorative,nonliving,hookah_exemplar1.jpg,0.714286,0.444444
jewlery box,decorative,nonliving,jewlery_box_exemplar1.jpg,0.44186,0.466667
lip phone,decorative,nonliving,lip_phone_exemplar1.jpg,0.791667,0.588235
log,decorative,living,log_exemplar1.jpg,0.628571,NA
medal,decorative,nonliving,medal_exemplar1.jpg,0.466667,0.511111
piggybank,decorative,nonliving,piggybank_exemplar1.jpg,0.166667,0.75
pillow,decorative,nonliving,pillow_exemplar1.jpg,0.26,0.592593
pinata,decorative,nonliving,pinata_exemplar1.jpg,0.6,NA
planet,decorative,nonliving,planet_exemplar1.jpg,0.464286,0.346154
pot of gold,decorative,nonliving,pot_of_gold_exemplar1.jpg,0.64,0.342857
religious statue,decorative,nonliving,religious_statue_exemplar1.jpg,0.342857,NA
sarcophagus,decorative,nonliving,sarcophagus_exemplar1.jpg,0.689655,0.307692
scroll,decorative,nonliving,scroll_exemplar1.jpg,0.464286,0.407407
shield,decorative,nonliving,shield_exemplar1.jpg,0.4,0.392857
snowflake,decorative,nonliving,snowflake_exemplar1.jpg,0.698113,0.592593
snowglobe,decorative,nonliving,snowglobe_exemplar1.jpg,0.42,0.464286
tile,decorative,nonliving,tile_exemplar1.jpg,0.194444,0.517241
totem pole,decorative,nonliving,totempole_exemplar1.jpg,0.622222222,NA
treasure chest,decorative,nonliving,treasure_chest_exemplar1.jpg,0.45614,0.461538
trophy,decorative,nonliving,trophy_exemplar1.jpg,0.3,0.428571
amplifier,electronics,nonliving,amplifier_exemplar1.jpg,0.166667,0.314285714
baby monitor,electronics,nonliving,baby_monitor_exemplar1.jpg,0.545455,0.568182
battery,electronics,nonliving,battery_exemplar1.jpg,0.38,0.5
boombox,electronics,nonliving,boombox_exemplar1.jpg,0.555556,0.4
calculator,electronics,nonliving,calculator_exemplar1.jpg,0.28,0.6
camcorder,electronics,nonliving,camcorder_exemplar1.jpg,0.265306,0.407407
camera,electronics,nonliving,camera_exemplar1.jpg,0.490909,0.615385
camera lens,electronics,nonliving,camera_lens_exemplar1.jpg,0.571429,NA
CD,electronics,nonliving,CD_exemplar1.jpg,0.36,0.444444
cellphone,electronics,nonliving,cellphone_exemplar1.jpg,0.613636,0.604651
circuit board,electronics,nonliving,circuit_board_exemplar1.jpg,0.611111,NA
computer,electronics,nonliving,computer_exemplar1.jpg,NA,NA
computer keyboard,electronics,nonliving,computer_keyboard_exemplar1.jpg,0.457143,0.677419
computer monitor,electronics,nonliving,computer_monitor_exemplar1.jpg,0.448276,0.571429
computer mouse,electronics,nonliving,computer_mouse_exemplar1.jpg,0.578947,0.576923
disk,electronics,nonliving,disk_exemplar1.jpg,0.68,0.592593
electric razor,electronics,nonliving,electric_razor_exemplar1.jpg,0.45614,0.461538
gamepad,electronics,nonliving,gamepad_exemplar1.jpg,0.470588,0.645161
guitar tuner,electronics,nonliving,guitar_tuner_exemplar1.jpg,0.489796,NA
HAM radio,electronics,nonliving,HAM_radio_exemplar1.jpg,0.535714,0.321429
headphone,electronics,nonliving,headphone_exemplar1.jpg,0.535714,0.692308
joystick,electronics,nonliving,joystick_exemplar1.jpg,0.636364,0.636364
laptop,electronics,nonliving,laptop_exemplar1.jpg,0.586207,0.464286
loudspeaker,electronics,nonliving,loudspeaker_exemplar1.jpg,0.48,0.555556
microphone,electronics,nonliving,microphone_exemplar1.jpg,0.52,0.6
old camera,electronics,nonliving,old_camera_exemplar1.jpg,0.310345,0.464286
pager,electronics,nonliving,pager_exemplar1.jpg,0.333333,0.586207
polaroid,electronics,nonliving,polaroid_exemplar1.jpg,0.407407,0.44
printer,electronics,nonliving,printer_exemplar1.jpg,0.26,0.555556
radio,electronics,nonliving,radio_exemplar1.jpg,0.522727,0.568182
scanner,electronics,nonliving,scanner_exemplar1.jpg,0.4,0.384615
slot machine,electronics,nonliving,slot_machine_exemplar1.jpg,0.604167,0.454545
space heater,electronics,nonliving,space_heater_exemplar1.jpg,0.408163,0.411765
speaker,electronics,nonliving,speaker_exemplar1.jpg,0.555556,0.55814
telephone,electronics,nonliving,telephone_exemplar1.jpg,0.526316,0.576923
television,electronics,nonliving,television_exemplar1.jpg,0.448276,0.535714
videocamera,electronics,nonliving,videocamera_exemplar1.jpg,0.357143,0.740741
voltmeter,electronics,nonliving,voltmeter_exemplar1.jpg,0.408163,0.264706
walkietalkie,electronics,nonliving,walkietalkie_exemplar1.jpg,0.37931,0.464286
walkman,electronics,nonliving,walkman_exemplar1.jpg,0.367347,0.576923
almond,food,nonliving,almond_exemplar1.jpg,0.732143,0.6
bloody mary,food,nonliving,bloody_mary_exemplar1.jpg,0.795918,0.481481
bowtie pasta,food,nonliving,bowtie_pasta_exemplar1.jpg,0.844444,0.704545
brandy,food,nonliving,brandy_exemplar1.jpg,0.533333,0.27907
butter,food,nonliving,butter_exemplar1.jpg,0.681818,0.44186
cake,food,nonliving,cake_exemplar1.jpg,0.66,0.607143
candy bar,food,nonliving,candy_bar_exemplar1.jpg,0.688889,0.5
candycane,food,nonliving,candycane_exemplar1.jpg,0.472222,NA
cheese,food,nonliving,cheese_exemplar1.jpg,0.758621,0.714286
cheese puff,food,nonliving,cheese_puff_exemplar1.jpg,0.642857,0.538462
cheeseburger,food,nonliving,cheeseburger_exemplar1.jpg,0.655172,0.75
chocolate bar,food,nonliving,chocolate_bar_exemplar1.jpg,0.7,0.740741
cinnamon bun,food,nonliving,cinnamon_bun_exemplar1.jpg,0.611111,NA
cookie,food,nonliving,cookie_exemplar1.jpg,0.666667,0.666667
croissant,food,nonliving,croissant_exemplar1.jpg,0.74,0.62963
donut,food,nonliving,donut_exemplar1.jpg,0.510204,0.678571
flour,food,nonliving,flour_exemplar1.jpg,0.596491,0.32
french fries,food,nonliving,french_fries_exemplar1.jpg,0.638889,0.666667
fried egg,food,nonliving,fried_egg_exemplar1.jpg,0.722222,0.7
ground beef,food,nonliving,ground_beef_exemplar1.jpg,0.821429,0.740741
hotdog,food,nonliving,hotdog_exemplar1.jpg,0.75,0.576923
jam,food,nonliving,jam_exemplar1.jpg,0.66,0.647059
jellybeans,food,nonliving,jellybeans_exemplar1.jpg,0.68,0.678571
lollipop,food,nonliving,lollipop_exemplar1.jpg,0.472222,0.709677
margarita,food,nonliving,margarita_exemplar1.jpg,0.631579,0.5
marshmallow,food,nonliving,marshmallow_exemplar1.jpg,0.76,0.666667
martini,food,nonliving,martini_exemplar1.jpg,0.55102,0.518519
muffin,food,nonliving,muffin_exemplar1.jpg,0.689655,0.678571
nacho,food,nonliving,nacho_exemplar1.jpg,0.844444,0.568182
pasta,food,nonliving,pasta_exemplar1.jpg,0.714286,0.607143
peanut,food,living,peanut_exemplar1.jpg,0.795918,0.821429
pie,food,nonliving,pie_exemplar1.jpg,0.714286,0.566667
pint of beer,food,nonliving,pint_of_beer_exemplar1.jpg,0.520833,0.428571
pistachio,food,nonliving,pistachio_exemplar1.jpg,0.785714,0.64
pizza,food,nonliving,pizza_exemplar1.jpg,0.472222,NA
poison,food,nonliving,poison_exemplar1.jpg,0.37037,0.535714
pretzel,food,nonliving,pretzel_exemplar1.jpg,0.690909,0.518519
rice,food,nonliving,rice_exemplar1.jpg,0.8,0.522727
sardine,food,nonliving,sardine_exemplar1.jpg,0.62963,0.571429
shrimp dinner,food,nonliving,shrimp_dinner_exemplar1.jpg,0.58,0.470588
soup,food,nonliving,soup_exemplar1.jpg,0.28,0.482759
spaghetti,food,nonliving,spaghetti_exemplar1.jpg,0.772727,0.545455
steak,food,nonliving,steak_exemplar1.jpg,0.571429,0.466667
tortilla chip,food,nonliving,tortilla_chip_exemplar1.jpg,0.619048,0.47619
waffle,food,nonliving,waffle_exemplar1.jpg,0.583333,NA
wedding cake,food,nonliving,wedding_cake_exemplar1.jpg,0.612245,0.714286
wine,food,nonliving,wine_exemplar1.jpg,0.618182,0.692308
wine bottle,food,nonliving,wine_bottle_exemplar1.jpg,0.481481,0.72
apple,fruit,living,apple_exemplar1.jpg,0.767442,0.697674
banana,fruit,living,baNAa_exemplar1.jpg,0.62069,0.730769
blackberry,fruit,living,blackberry_exemplar1.jpg,0.514286,0.607143
blueberry,fruit,living,blueberry_exemplar1.jpg,0.9,0.777778
cantaloupe,fruit,living,cantaloupe_exemplar1.jpg,0.822222,0.568182
cherry,fruit,living,cherry_exemplar1.jpg,0.805556,NA
coconut,fruit,nonliving,coconut_exemplar1.jpg,0.857143,0.769231
cranberry,fruit,living,cranberry_exemplar1.jpg,0.84,0.451613
date,fruit,living,date_exemplar1.jpg,0.78,0.555556
grape,fruit,living,grape_exemplar1.jpg,0.714286,0.518519
grapefruit,fruit,living,grapefruit_exemplar1.jpg,0.78,0.714286
kiwi,fruit,living,kiwi_exemplar1.jpg,0.796296,0.884615
kumquat,fruit,living,kumquat_exemplar1.jpg,0.638889,NA
lemon,fruit,living,lemon_exemplar1.jpg,0.722222,0.666667
lime,fruit,living,lime_exemplar1.jpg,0.571429,0.742857
lychee,fruit,living,lychee_exemplar1.jpg,0.793103,0.321429
mango,fruit,living,mango_exemplar1.jpg,0.724138,0.555556
melon,fruit,living,melon_exemplar1.jpg,0.8,0.551724
orange,fruit,living,orange_exemplar1.jpg,0.777778,NA
papaya,fruit,living,papaya_exemplar1.jpg,0.758621,0.62963
peach,fruit,living,peach_exemplar1.jpg,0.636364,0.740741
pear,fruit,living,pear_exemplar1.jpg,0.727273,0.730769
pineapple,fruit,living,pineapple_exemplar1.jpg,0.816327,0.548387
plum,fruit,living,plum_exemplar1.jpg,0.607143,0.464286
pomegranate,fruit,living,pomegranate_exemplar1.jpg,0.844444,0.636364
raisin,fruit,living,raisin_exemplar1.jpg,0.911111,0.6
raspberry,fruit,living,raspberry_exemplar1.jpg,0.911111,0.659091
starfruit,fruit,living,starfruit_exemplar1.jpg,0.8,0.785714
strawberry,fruit,living,strawberry_exemplar1.jpg,0.793103,0.892857
watermelon,fruit,living,watermelon_exemplar1.jpg,0.74,0.771429
accent lamp,furniture,nonliving,accent_lamp_exemplar1.jpg,0.222222,0.522727
armchair,furniture,nonliving,armchair_exemplar1.jpg,0.285714,0.37037
armoire,furniture,nonliving,armoire_exemplar1.jpg,0.517241,0.518519
ashtray,furniture,nonliving,ashtray_exemplar1.jpg,0.76,0.366667
bar,furniture,nonliving,bar_exemplar1.jpg,0.277778,0.535714
barrel,furniture,nonliving,barrel_exemplar1.jpg,0.688889,0.581395
bathtub,furniture,nonliving,bathtub_exemplar1.jpg,0.527778,NA
beach chair,furniture,nonliving,beach_chair_exemplar1.jpg,0.4,0.448276
beanbag,furniture,nonliving,beanbag_exemplar1.jpg,0.638889,NA
bed,furniture,nonliving,bed_exemplar1.jpg,0.138889,NA
birdcage,furniture,nonliving,birdcage_exemplar1.jpg,0.535714,0.615385
birdhouse,furniture,nonliving,birdhouse_exemplar1.jpg,0.428571,0.571429
bookcase,furniture,nonliving,bookcase_exemplar1.jpg,0.636364,0.615385
booster seat,furniture,nonliving,booster_seat_exemplar1.jpg,0.622222,0.4
bunkbed,furniture,nonliving,bunkbed_exemplar1.jpg,0.696429,0.444444
cabinet,furniture,nonliving,cabinet_exemplar1.jpg,0.25,0.666667
card table,furniture,nonliving,card_table_exemplar1.jpg,0.448276,0.285714
chair,furniture,nonliving,chair_exemplar1.jpg,0.509091,0.576923
chalkboard,furniture,nonliving,chalkboard_exemplar1.jpg,0.408163,0.575758
chess table,furniture,nonliving,chess_table_exemplar1.jpg,0.55102,0.551724
chest,furniture,nonliving,chest_exemplar1.jpg,0.48,0.481481
coffee table,furniture,nonliving,coffee_table_exemplar1.jpg,0.333333,0.666667
coffin,furniture,nonliving,coffin_exemplar1.jpg,0.6,0.62963
couch,furniture,nonliving,couch_exemplar1.jpg,0.595745,0.571429
crib,furniture,nonliving,crib_exemplar1.jpg,0.3,0.653846
cupboard,furniture,nonliving,cupboard_exemplar1.jpg,0.535714,0.37037
desk lamp,furniture,nonliving,desk_lamp_exemplar1.jpg,0.37931,0.678571
dining chair,furniture,nonliving,dining_chair_exemplar1.jpg,0.297872,0.5
dining table,furniture,nonliving,dining_table_exemplar1.jpg,0.5,0.6
dog bowl,furniture,nonliving,dog_bowl_exemplar1.jpg,0.5,0.5
dresser,furniture,nonliving,dresser_exemplar1.jpg,0.655172,0.642857
end table,furniture,nonliving,end_table_exemplar1.jpg,0.428571,0.6
file cabinet,furniture,nonliving,file_cabinet_exemplar1.jpg,0.5,0.407407
fishbowl,furniture,nonliving,fishbowl_exemplar1.jpg,0.58,0.428571
fishtank,furniture,nonliving,fishtank_exemplar1.jpg,0.82,0.962963
grandfather clock,furniture,nonliving,grandfather_clock_exemplar1.jpg,0.444444,NA
grill,furniture,nonliving,grill_exemplar1.jpg,0.409091,0.466667
hammock,furniture,nonliving,hammock_exemplar1.jpg,0.510204,0.642857
keg,furniture,nonliving,keg_exemplar1.jpg,0.5,0.6
ladder,furniture,nonliving,ladder_exemplar1.jpg,0.454545,0.576923
laundry hamper,furniture,nonliving,laundry_hamper_exemplar1.jpg,0.42,0.464286
locker,furniture,nonliving,locker_exemplar1.jpg,0.651163,0.697674
loveseat,furniture,nonliving,loveseat_exemplar1.jpg,0.259259,0.321429
magazine rack,furniture,nonliving,magazine_rack_exemplar1.jpg,0.469388,0.307692
mirror,furniture,nonliving,mirror_exemplar1.jpg,0.4,0.538462
nightstand,furniture,nonliving,nightstand_exemplar1.jpg,0.555556,0.333333
office chair,furniture,nonliving,office_chair_exemplar1.jpg,0.645833,0.676471
outdoor table,furniture,nonliving,outdoor_table_exemplar1.jpg,0.285714,NA
poker table,furniture,nonliving,poker_table_exemplar1.jpg,0.26,0.481481
popcorn machine,furniture,nonliving,popcorn_machine_exemplar1.jpg,0.755102,0.571429
rocking chair,furniture,nonliving,rocking_chair_exemplar1.jpg,0.613636,0.627907
rug,furniture,nonliving,rug_exemplar1.jpg,0.323529,0.448276
screen,furniture,nonliving,screen_exemplar1.jpg,0.464286,0.535714
shelf,furniture,nonliving,shelf_exemplar1.jpg,0.477273,0.577778
sidetable,furniture,nonliving,sidetable_exemplar1.jpg,0.44898,0.558824
spotlight,furniture,nonliving,spotlight_exemplar1.jpg,0.350877,0.346154
step stool,furniture,nonliving,step_stool_exemplar1.jpg,0.714286,0.384615
stepladder,furniture,nonliving,stepladder_exemplar1.jpg,0.416667,0.62963
throne,furniture,nonliving,throne_exemplar1.jpg,0.522727,0.325581
toilet,furniture,nonliving,toilet_exemplar1.jpg,0.609756,0.386364
towel rack,furniture,nonliving,towel_rack_exemplar1.jpg,0.526316,0.333333
vanity mirror,furniture,nonliving,vanity_mirror_exemplar1.jpg,0.37931,0.44
wastebasket,furniture,nonliving,wastebasket_exemplar1.jpg,0.74,0.482759
wine rack,furniture,nonliving,wine_rack_exemplar1.jpg,0.314286,0.612903
candy,holiday,nonliving,candy_exemplar1.jpg,0.577778,0.533333
Christmas lightbulb,holiday,nonliving,Christmas_lightbulb_exemplar1.jpg,0.551724,0.464286
Christmas lights,holiday,nonliving,Christmas_lights_exemplar1.jpg,0.622222,0.444444
Christmas stocking,holiday,nonliving,Christmas_stocking_exemplar1.jpg,0.296296,0.518519
Christmas tree,holiday,nonliving,Christmas_tree_exemplar1.jpg,0.472222,0.62069
easter egg,holiday,nonliving,easter_egg_exemplar1.jpg,0.62,0.482759
ghost,holiday,nonliving,ghost_exemplar1.jpg,0.714286,0.4
gift,holiday,nonliving,gift_exemplar1.jpg,0.5,0.785714
gift bag,holiday,nonliving,gift_bag_exemplar1.jpg,0.36,0.571429
gift bow,holiday,nonliving,gift_bow_exemplar1.jpg,0.58,0.444444
jack-o-lantern,holiday,nonliving,jack-o-lantern_exemplar1.jpg,0.652174,0.464286
menorah,holiday,nonliving,menorah_exemplar1.jpg,0.622222,0.5
nutcracker,holiday,nonliving,nutcracker_exemplar1.jpg,0.666667,0.655172
ornament,holiday,nonliving,ornament_exemplar1.jpg,0.48,0.735294
reindeer toy,holiday,nonliving,reindeer_toy_exemplar1.jpg,0.342857,NA
santa claus,holiday,nonliving,santa_claus_exemplar1.jpg,0.660714,0.346154
santa hat,holiday,nonliving,santa_hat_exemplar1.jpg,0.625,0.444444
snowman,holiday,nonliving,snowman_exemplar1.jpg,0.636364,0.346154
wreath,holiday,nonliving,wreath_exemplar1.jpg,0.653061,0.275862
chandelier,house parts,nonliving,chandelier_exemplar1.jpg,0.458333,0.571429
column,house parts,nonliving,column_exemplar1.jpg,0.392857,0.407407
door,house parts,living,door_exemplar1.jpg,0.257143,0.633333
doorknob,house parts,nonliving,doorknob_exemplar1.jpg,0.388889,NA
escalator,house parts,nonliving,escalator_exemplar1.jpg,0.428571,0.5
faucet,house parts,nonliving,faucet_exemplar1.jpg,0.6,0.571429
fireplace,house parts,nonliving,fireplace_exemplar1.jpg,0.52,0.642857
outlet,house parts,nonliving,outlet_exemplar1.jpg,0.62963,0.518519
recessed light,house parts,nonliving,recessed_light_exemplar1.jpg,0.428571,0.333333
shower,house parts,nonliving,shower_exemplar1.jpg,0.46,0.392857
smoke detector,house parts,nonliving,smoke_detector_exemplar1.jpg,0.386364,0.404762
stained glass window,house parts,nonliving,stained_glass_window_exemplar1.jpg,0.607143,0.481481
stairs,house parts,nonliving,stairs_exemplar1.jpg,0.464286,0.428571
vent,house parts,nonliving,vent_exemplar1.jpg,0.555556,0.285714
window,house parts,nonliving,window_exemplar1.jpg,0.86,0.533333
alarm clock,household items,nonliving,alarm_clock_exemplar1.jpg,0.408163,NA
bar of soap,household items,nonliving,bar_of_soap_exemplar1.jpg,0.55102,0.642857
candle,household items,nonliving,candle_exemplar1.jpg,0.688889,0.568182
cigar,household items,nonliving,cigar_exemplar1.jpg,0.625,0.346154
cigarette,household items,nonliving,cigarette_exemplar1.jpg,0.75,0.36
clock,household items,nonliving,clock_exemplar1.jpg,0.444444,NA
coin,household items,nonliving,coin_exemplar1.jpg,0.571429,0.666667
crate,household items,nonliving,crate_exemplar1.jpg,0.444444,0.37931
dustpan,household items,nonliving,dustpan_exemplar1.jpg,0.510204,0.457143
firewood,household items,nonliving,firewood_exemplar1.jpg,0.489796,0.451613
flower pot,household items,nonliving,flower_pot_exemplar1.jpg,0.577778,0.622222
frame,household items,nonliving,frame_exemplar1.jpg,0.464286,0.407407
hairbrush,household items,nonliving,hairbrush_exemplar1.jpg,0.488889,0.568182
hamster cage,household items,nonliving,hamster_cage_exemplar1.jpg,0.58,NA
hamster wheel,household items,nonliving,hamster_wheel_exemplar1.jpg,0.48,0.466667
hand mirror,household items,nonliving,hand_mirror_exemplar1.jpg,0.416667,0.571429
hanger,household items,nonliving,hanger_exemplar1.jpg,0.428571,0.407407
inkwell,household items,nonliving,inkwell_exemplar1.jpg,0.526316,0.444444
ironing board,household items,nonliving,ironing_board_exemplar1.jpg,0.5,0.392857
key,household items,nonliving,key_exemplar1.jpg,0.46,0.657143
lightbulb,household items,nonliving,lightbulb_exemplar1.jpg,0.472222,0.741935
lipstick,household items,nonliving,lipstick_exemplar1.jpg,0.38,0.52
money,household items,nonliving,money_exemplar1.jpg,0.653061,0.592593
needle,household items,nonliving,needle_exemplar1.jpg,0.5,NA
pencil,household items,nonliving,pencil_exemplar1.jpg,0.777778,0.666667
perfume,household items,nonliving,perfume_exemplar1.jpg,0.428571,0.535714
pipe,household items,nonliving,pipe_exemplar1.jpg,0.44898,0.5
q-tip,household items,nonliving,q-tip_exemplar1.jpg,0.321429,0.36
scale,household items,nonliving,scale_exemplar1.jpg,0.309524,0.55
scalpel,household items,nonliving,scalpel_exemplar1.jpg,0.4,NA
scoop,household items,nonliving,scoop_exemplar1.jpg,0.586207,0.555556
soap dispenser,household items,nonliving,soap_dispenser_exemplar1.jpg,0.310345,0.392857
thimble,household items,nonliving,thimble_exemplar1.jpg,0.642857,0.592593
toilet paper,household items,nonliving,toilet_paper_exemplar1.jpg,0.310345,0.444444
toothbrush,household items,nonliving,toothbrush_exemplar1.jpg,0.517857,0.461538
umbrella,household items,nonliving,umbrella_exemplar1.jpg,0.340909,0.522727
vase,household items,nonliving,vase_exemplar1.jpg,0.5,0.529412
ant,insect,living,ant_exemplar1.jpg,0.772727,0.674419
bee,insect,living,bee_exemplar1.jpg,0.586207,0.714286
beetle,insect,living,beetle_exemplar1.jpg,0.745455,0.692308
butterfly,insect,living,butterfly_exemplar1.jpg,0.666667,0.581395
caterpillar,insect,living,caterpillar_exemplar1.jpg,0.740741,0.714286
centipede,insect,living,centipede_exemplar1.jpg,0.510204,0.666667
cockroach,insect,living,cockroach_exemplar1.jpg,0.694444,NA
cricket,insect,living,cricket_exemplar1.jpg,0.727273,0.568182
dragonfly,insect,living,dragonfly_exemplar1.jpg,0.75,0.62963
earthworm,insect,living,earthworm_exemplar1.jpg,0.655172,0.821429
flying insect,insect,living,flying_insect_exemplar1.jpg,0.8,0.735294
ladybug,insect,living,ladybug_exemplar1.jpg,0.911111,0.809524
millipede,insect,living,millipede_exemplar1.jpg,0.722222,0.586207
moth,insect,living,moth_exemplar1.jpg,0.86,0.676471
scorpion,insect,living,scorpion_exemplar1.jpg,0.9,0.928571
slug,insect,living,slug_exemplar1.jpg,0.811321,0.666667
snail,insect,living,snail_exemplar1.jpg,0.816327,0.851852
spider,insect,living,spider_exemplar1.jpg,0.657143,NA
stickbug,insect,living,stickbug_exemplar1.jpg,NA,NA
tarantula,insect,living,tarantula_exemplar1.jpg,0.553191,0.6
wasp,insect,living,wasp_exemplar1.jpg,0.82,0.678571
baking pan,kitchen items,nonliving,baking_pan_exemplar1.jpg,0.4,0.533333
beer bottle,kitchen items,nonliving,beer_bottle_exemplar1.jpg,0.342857,0.566667
bottle,kitchen items,nonliving,bottle_exemplar1.jpg,0.363636,0.555556
bowl,kitchen items,nonliving,bowl_exemplar1.jpg,0.571429,0.647059
breadbox,kitchen items,nonliving,breadbox_exemplar1.jpg,0.422222,0.372093
coffee mug,kitchen items,nonliving,coffee_mug_exemplar1.jpg,0.318182,0.555556
coffeepot,kitchen items,nonliving,coffeepot_exemplar1.jpg,0.457143,NA
cookie tin,kitchen items,nonliving,cookie_tin_exemplar1.jpg,0.269231,0.357143
cooking pot,kitchen items,nonliving,cooking_pot_exemplar1.jpg,0.32,0.6
cooler,kitchen items,nonliving,cooler_exemplar1.jpg,0.2,0.418605
corkscrew,kitchen items,nonliving,corkscrew_exemplar1.jpg,0.563636,0.269231
dinner knife,kitchen items,nonliving,dinner_knife_exemplar1.jpg,0.285714,0.296296
flask,kitchen items,nonliving,flask_exemplar1.jpg,0.6,0.703704
fondue fork,kitchen items,nonliving,fondue_fork_exemplar1.jpg,0.581395,0.272727
food processor,kitchen items,nonliving,food_processor_exemplar1.jpg,0.470588,0.517241
fork,kitchen items,nonliving,fork_exemplar1.jpg,0.37931,0.607143
french press,kitchen items,nonliving,french_press_exemplar1.jpg,0.68,0.233333
frying pan,kitchen items,nonliving,frying_pan_exemplar1.jpg,0.574074,0.481481
glass,kitchen items,nonliving,glass_exemplar1.jpg,0.2,0.545455
grater,kitchen items,nonliving,grater_exemplar1.jpg,0.555556,0.595238
ice bucket,kitchen items,nonliving,ice_bucket_exemplar1.jpg,0.2,NA
icecream scoop,kitchen items,nonliving,ice_cream_scoop_exemplar1.jpg,0.448276,0.571429
kettle,kitchen items,nonliving,kettle_exemplar1.jpg,0.413793,0.407407
muffin tin,kitchen items,nonliving,muffin_tin_exemplar1.jpg,0.48,0.4
mug,kitchen items,nonliving,mug_exemplar1.jpg,0.350877,0.555556
pepper shaker,kitchen items,nonliving,pepper_shaker_exemplar1.jpg,0.481481,0.37037
pitcher,kitchen items,nonliving,pitcher_exemplar1.jpg,0.244898,0.535714
pot,kitchen items,nonliving,pot_exemplar1.jpg,0.466667,0.704545
rolling pin,kitchen items,nonliving,rolling_pin_exemplar1.jpg,0.571429,NA
saltshaker,kitchen items,nonliving,saltshaker_exemplar1.jpg,0.666667,0.777778
shaker,kitchen items,nonliving,shaker_exemplar1.jpg,0.611111,0.333333
spoon,kitchen items,nonliving,spoon_exemplar1.jpg,0.482759,0.571429
sugar shaker,kitchen items,nonliving,sugar_shaker_exemplar1.jpg,0.44898,0.407407
tray,kitchen items,nonliving,tray_exemplar1.jpg,0.4,0.514286
waterjug,kitchen items,nonliving,waterjug_exemplar1.jpg,0.48,0.457143
antelope,mammal,living,antelope_exemplar1.jpg,0.714286,0.678571
baboon,mammal,living,baboon_exemplar1.jpg,0.714286,0.62963
basset hound,mammal,living,basset_hound_exemplar1.jpg,0.833333,NA
beagle,mammal,living,beagle_exemplar1.jpg,0.888889,0.8
bear,mammal,living,bear_exemplar1.jpg,0.8,0.755556
bloodhound,mammal,living,bloodhound_exemplar1.jpg,0.75,0.592593
boar,mammal,living,boar_exemplar1.jpg,0.68,0.5
boxer,mammal,living,boxer_exemplar1.jpg,0.777778,0.465116
buffalo,mammal,living,buffalo_exemplar1.jpg,0.854545,0.777778
bull,mammal,living,bull_exemplar1.jpg,0.74,0.444444
bulldog,mammal,living,bulldog_exemplar1.jpg,0.773585,0.592593
camel,mammal,living,camel_exemplar1.jpg,0.8,0.681818
cat,mammal,living,cat_exemplar1.jpg,0.586207,0.571429
cheetah,mammal,living,cheetah_exemplar1.jpg,0.676471,NA
chinchilla,mammal,living,chinchilla_exemplar1.jpg,0.8,0.465116
chipmunk,mammal,living,chipmunk_exemplar1.jpg,0.736842,0.615385
cocker spaniel,mammal,living,cocker_spaniel_exemplar1.jpg,0.824561,0.666667
collie,mammal,living,collie_exemplar1.jpg,0.74,0.407407
cougar,mammal,living,cougar_exemplar1.jpg,0.896552,0.714286
cow,mammal,living,cow_exemplar1.jpg,0.6,0.628571
dalmatian,mammal,living,dalmatian_exemplar1.jpg,0.611111,0.6
deer,mammal,living,deer_exemplar1.jpg,0.72,0.678571
doberman,mammal,living,doberman_exemplar1.jpg,0.777778,NA
donkey,mammal,living,donkey_exemplar1.jpg,0.642857,0.62963
elephant,mammal,living,elephant_exemplar1.jpg,0.727273,0.777778
fox,mammal,living,fox_exemplar1.jpg,0.66,0.714286
german shepard,mammal,living,german_shepard_exemplar1.jpg,0.711111,0.711111
giraffe,mammal,nonliving,giraffe_exemplar1.jpg,0.88,0.777778
goat,mammal,living,goat_exemplar1.jpg,0.75,0.711111
gorilla,mammal,living,gorilla_exemplar1.jpg,0.886792,0.807692
great dane,mammal,living,great_dane_exemplar1.jpg,0.755556,0.622222
greyhound,mammal,living,greyhound_exemplar1.jpg,0.551724,0.571429
guinea pig,mammal,living,guinea_pig_exemplar1.jpg,0.66,0.703704
hedgehog,mammal,living,hedgehog_exemplar1.jpg,0.52,0.6
hippopotamus,mammal,living,hippopotamus_exemplar1.jpg,0.708333,0.482759
horse,mammal,living,horse_exemplar1.jpg,0.666667,0.75
husky,mammal,living,husky_exemplar1.jpg,0.862069,0.814815
kangaroo,mammal,living,kangaroo_exemplar1.jpg,0.793103,0.678571
kitten,mammal,living,kitten_exemplar1.jpg,0.64,0.5
laborador,mammal,living,laborador_exemplar1.jpg,0.571429,0.423077
lamb,mammal,living,lamb_exemplar1.jpg,0.66,0.757576
leopard,mammal,living,leopard_exemplar1.jpg,0.6,NA
lion,mammal,living,lion_exemplar1.jpg,0.742857,NA
manatee,mammal,living,manatee_exemplar1.jpg,0.52,0.451613
monkey,mammal,living,monkey_exemplar1.jpg,0.745455,0.846154
moose,mammal,living,moose_exemplar1.jpg,0.666667,0.535714
mouse,mammal,living,mouse_exemplar1.jpg,0.685714,0.62069
ocelot,mammal,living,ocelot_exemplar1.jpg,0.655172,0.461538
orangutan,mammal,living,orangutan_exemplar1.jpg,0.755102,0.285714
panda,mammal,living,panda_exemplar1.jpg,0.708333,0.742857
pig,mammal,living,pig_exemplar1.jpg,0.666667,0.533333
polar bear,mammal,living,polar_bear_exemplar1.jpg,0.77551,0.742857
porcupine,mammal,living,porcupine_exemplar1.jpg,0.714286,0.333333
puppy,mammal,living,puppy_exemplar1.jpg,0.431818,0.681818
rabbit,mammal,living,rabbit_exemplar1.jpg,0.925926,0.777778
reindeer,mammal,living,reindeer_exemplar1.jpg,0.822222,0.295455
rhinoceros,mammal,living,rhinoceros_exemplar1.jpg,0.918367,0.888889
seal,mammal,living,seal_exemplar1.jpg,0.789474,0.703704
sheep,mammal,living,sheep_exemplar1.jpg,0.795455,0.833333
squirrel,mammal,living,squirrel_exemplar1.jpg,0.755556,0.627907
tiger,mammal,living,tiger_exemplar1.jpg,0.8,0.769231
wolf,mammal,living,wolf_exemplar1.jpg,0.875,0.678571
zebra,mammal,living,zebra_exemplar1.jpg,0.755102,0.714286
arrow,military,nonliving,arrow_exemplar1.jpg,0.571429,0.481481
bullet,military,nonliving,bullet_exemplar1.jpg,0.54,0.807692
cannon,military,nonliving,cannon_exemplar1.jpg,0.58,0.5
dagger,military,nonliving,dagger_exemplar1.jpg,0.409091,0.5
gas mask,military,nonliving,gas_mask_exemplar1.jpg,0.551724,0.714286
grenade,military,nonliving,grenade_exemplar1.jpg,0.685714,NA
gun,military,nonliving,gun_exemplar1.jpg,0.592593,0.518519
revolver,military,nonliving,revolver_exemplar1.jpg,0.52,0.6
rifle,military,nonliving,rifle_exemplar1.jpg,0.481481,0.592593
slingshot,military,nonliving,slingshot_exemplar1.jpg,0.46875,0.551724
spear,military,nonliving,spear_exemplar1.jpg,0.62069,0.535714
sword,military,nonliving,sword_exemplar1.jpg,0.533333,0.577778
tank,military,nonliving,tank_exemplar1.jpg,0.44,0.428571
whip,military,nonliving,whip_exemplar1.jpg,0.666667,0.311111
accordion,musical instruments,nonliving,accordion_exemplar1.jpg,0.535714,0.592593
acoustic guitar,musical instruments,nonliving,acoustic_guitar_exemplar1.jpg,0.571429,0.555556
banjo,musical instruments,nonliving,banjo_exemplar1.jpg,0.241379,0.37037
bassoon,musical instruments,nonliving,bassoon_exemplar1.jpg,0.642857,0.357143
bell,musical instruments,nonliving,bell_exemplar1.jpg,0.644444,0.6
bongo drum,musical instruments,nonliving,bongo_drum_exemplar1.jpg,0.416667,0.677419
bugle,musical instruments,nonliving,bugle_exemplar1.jpg,0.37931,0.571429
cabasa,musical instruments,nonliving,instrument_exemplar1.jpg,#N/A,#N/A
cello,musical instruments,nonliving,cello_exemplar1.jpg,0.66,0.457143
clarinet,musical instruments,nonliving,clarinet_exemplar1.jpg,0.734694,0.642857
congo drum,musical instruments,nonliving,congo_drum_exemplar1.jpg,0.52,0.575758
cowbell,musical instruments,nonliving,cowbell_exemplar1.jpg,0.644444,0.619048
drum,musical instruments,nonliving,drum_exemplar1.jpg,0.56,0.685714
drum set,musical instruments,nonliving,drum_set_exemplar1.jpg,0.583333,0.666667
electric drumset,musical instruments,nonliving,electric_drumset_exemplar1.jpg,0.333333,NA
electric guitar,musical instruments,nonliving,electric_guitar_exemplar1.jpg,0.510204,0.571429
flute,musical instruments,nonliving,flute_exemplar1.jpg,0.5,0.666667
gong,musical instruments,nonliving,gong_exemplar1.jpg,0.314286,NA
gourd instrument,musical instruments,nonliving,gourd_instrument_exemplar1.jpg,0.8,0.435897
gramophone,musical instruments,nonliving,gramophone_exemplar1.jpg,0.428571,0.233333
guitar case,musical instruments,nonliving,guitar_case_exemplar1.jpg,0.464286,0.642857
handbell,musical instruments,nonliving,handbell_exemplar1.jpg,0.613636,0.590909
harmonica,musical instruments,nonliving,harmonica_exemplar1.jpg,0.733333,0.431818
harp,musical instruments,nonliving,harp_exemplar1.jpg,0.6,0.5
jukebox,musical instruments,nonliving,jukebox_exemplar1.jpg,0.54386,0.555556
mandolin,musical instruments,nonliving,mandolin_exemplar1.jpg,0.409091,0.363636
maraca,musical instruments,nonliving,maraca_exemplar1.jpg,0.28,0.4
metronome,musical instruments,nonliving,metronome_exemplar1.jpg,0.571429,0.178571
music stand,musical instruments,nonliving,music_stand_exemplar1.jpg,0.425926,0.48
musical keyboard,musical instruments,nonliving,musical_keyboard_exemplar1.jpg,0.563636,0.37037
organ,musical instruments,nonliving,organ_exemplar1.jpg,0.571429,0.586207
percussion instrument,musical instruments,nonliving,percussion_instrument_exemplar1.jpg,0.527273,0.576923
piano,musical instruments,nonliving,piano_exemplar1.jpg,0.45614,0.555556
record,musical instruments,nonliving,record_exemplar1.jpg,0.257143,0.542857
record player,musical instruments,nonliving,record_player_exemplar1.jpg,0.508772,0.5
recorder,musical instruments,nonliving,recorder_exemplar1.jpg,0.38,0.518519
saxophone,musical instruments,nonliving,saxophone_exemplar1.jpg,0.66,0.571429
tambourine,musical instruments,nonliving,tambourine_exemplar1.jpg,0.64,0.62069
triangle,musical instruments,nonliving,triangle_exemplar1.jpg,0.4375,0.321429
trombone,musical instruments,nonliving,trombone_exemplar1.jpg,0.74,0.592593
trumpet,musical instruments,nonliving,trumpet_exemplar1.jpg,0.545455,0.703704
tuba,musical instruments,nonliving,tuba_exemplar1.jpg,0.678571,0.555556
violin,musical instruments,nonliving,violin_exemplar1.jpg,0.694444,NA
violin bow,musical instruments,nonliving,violin_bow_exemplar1.jpg,0.55102,0.464286
xylophone,musical instruments,nonliving,xylophone_exemplar1.jpg,0.344828,0.321429
binder,office tool,nonliving,binder_exemplar1.jpg,0.321429,0.153846
book,office tool,nonliving,book_exemplar1.jpg,0.433962,0.518519
cash register,office tool,nonliving,cash_register_exemplar1.jpg,0.62,0.451613
cassette tape,office tool,nonliving,cassette_tape_exemplar1.jpg,0.277778,NA
diploma,office tool,nonliving,diploma_exemplar1.jpg,0.423077,0.416667
envelopes,office tool,nonliving,envelopes_exemplar1.jpg,0.4,NA
in basket,office tool,nonliving,in_basket_exemplar1.jpg,0.533333,0.5
magnifying glass,office tool,nonliving,magnifyingglass_exemplar1.jpg,0.466666667,NA
packing tape,office tool,nonliving,packing_tape_exemplar1.jpg,0.361111,0.586207
pen,office tool,nonliving,pen_exemplar1.jpg,0.2,0.785714
protractor,office tool,nonliving,protractor_exemplar1.jpg,0.38,0.285714
pushpin,office tool,nonliving,pushpin_exemplar1.jpg,0.625,0.676471
ruler,office tool,nonliving,ruler_exemplar1.jpg,0.344828,0.703704
scissors,office tool,nonliving,scissors_exemplar1.jpg,0.306122,0.428571
scotch tape,office tool,nonliving,scotch_tape_exemplar1.jpg,0.413793,0.428571
stapler,office tool,nonliving,stapler_exemplar1.jpg,0.257143,0.7
tape,office tool,nonliving,tape_exemplar1.jpg,0.688889,0.340909
typewriter,office tool,nonliving,typewriter_exemplar1.jpg,0.410714,0.576923
agave plant,plant,living,agave_plant_exemplar1.jpg,0.74,0.571429
bonsai,plant,living,bonsai_exemplar1.jpg,0.657143,NA
branch,plant,living,branch_exemplar1.jpg,0.653061,0.735294
cactus,plant,living,cactus_exemplar1.jpg,0.76,0.740741
cedar,plant,living,cedar_exemplar1.jpg,0.86,0.387097
flower,plant,living,flower_exemplar1.jpg,0.696429,0.769231
ginkgo leaf,plant,living,ginkgo_leaf_exemplar1.jpg,0.7,0.428571
holly,plant,living,holly_exemplar1.jpg,0.694444,0.516129
maple leaf,plant,living,mapleleaf_exemplar1.jpg,#N/A,#N/A
orchid,plant,living,orchid_exemplar1.jpg,0.719298,0.518519
palm tree,plant,living,palm_tree_exemplar1.jpg,0.613636,0.444444
pine,plant,living,pine_exemplar1.jpg,0.714286,0.461538
pinecone,plant,living,pinecone_exemplar1.jpg,0.689655,0.857143
plant,plant,living,plant_exemplar1.jpg,0.772727,0.767442
potted flowers,plant,living,potted_flowers_exemplar1.jpg,0.485714,NA
potted plant,plant,living,potted_plant_exemplar1.jpg,0.660377,0.615385
wheat,plant,living,wheat_exemplar1.jpg,0.5,0.6
lizard,reptile,living,lizard_exemplar1.jpg,0.8,0.75
snake,reptile,living,snake_exemplar1.jpg,0.9,0.857143
treefrog,reptile,living,treefrog_exemplar1.jpg,0.785714,0.666667
turtle,reptile,living,turtle_exemplar1.jpg,0.44898,0.607143
barnacles,sea,living,barnacles_exemplar1.jpg,0.840909,0.44186
bass,sea,living,bass_exemplar1.jpg,0.75,0.52
clam,sea,living,clam_exemplar1.jpg,0.638889,NA
conch,sea,living,conch_exemplar1.jpg,0.821429,0.518519
coral,sea,living,coral_exemplar1.jpg,0.68,0.6
crab,sea,living,crab_exemplar1.jpg,0.638889,0.827586
crayfish,sea,living,crayfish_exemplar1.jpg,0.82,0.588235
dolphin,sea,living,dolphin_exemplar1.jpg,0.795918,0.846154
fish,sea,living,fish_exemplar1.jpg,0.734694,0.857143
fossil,sea,living,fossil_exemplar1.jpg,0.583333,0.7
horseshoe crab,sea,living,horseshoe_crab_exemplar1.jpg,0.954545,0.651163
lobster,sea,living,lobster_exemplar1.jpg,0.75,0.884615
mussel,sea,living,mussel_exemplar1.jpg,0.933333,0.659091
octopus,sea,living,octopus_exemplar1.jpg,0.930233,0.733333
oyster,sea,living,oyster_exemplar1.jpg,0.758621,0.814815
ray,sea,nonliving,ray_exemplar1.jpg,0.821429,0.222222
salmon,sea,living,salmon_exemplar1.jpg,0.533333,0.607143
seahorse,sea,living,seahorse_exemplar1.jpg,0.94,0.962963
seashell,sea,living,seashell_exemplar1.jpg,0.542857,NA
shark,sea,living,shark_exemplar1.jpg,0.758621,0.592593
shrimp,sea,living,shrimp_exemplar1.jpg,0.890909,0.769231
squid,sea,living,squid_exemplar1.jpg,0.571429,0.433333
starfish,sea,living,starfish_exemplar1.jpg,0.591837,0.451613
badminton racquet,sports,nonliving,badminton_racquet_exemplar1.jpg,0.530612,NA
baseball,sports,nonliving,baseball_exemplar1.jpg,0.6,0.62963
baseball bat,sports,nonliving,baseball_bat_exemplar1.jpg,0.607143,0.538462
basketball,sports,nonliving,basketball_exemplar1.jpg,0.527273,0.384615
boomerang,sports,nonliving,boomerang_exemplar1.jpg,0.727273,0.555556
bowling ball,sports,nonliving,bowling_ball_exemplar1.jpg,0.555556,0.655172
bowling pins,sports,nonliving,bowling_pins_exemplar1.jpg,0.290909,0.62963
boxing gloves,sports,nonliving,boxing_gloves_exemplar1.jpg,0.795918,0.735294
chessboard,sports,nonliving,chessboard_exemplar1.jpg,0.448276,0.535714
crossbow,sports,nonliving,crossbow_exemplar1.jpg,0.46,0.714286
dart,sports,nonliving,dart_exemplar1.jpg,0.586207,0.52
dice,sports,nonliving,dice_exemplar1.jpg,0.56,0.692308
driver,sports,nonliving,driver_exemplar1.jpg,0.346939,0.37037
dumbbell,sports,nonliving,dumbbell_exemplar1.jpg,0.510204,0.428571
elliptical,sports,nonliving,elliptical_exemplar1.jpg,0.428571,NA
football,sports,nonliving,football_exemplar1.jpg,0.472222,NA
golf bag,sports,nonliving,golf_bag_exemplar1.jpg,0.444444,0.428571
golf ball,sports,nonliving,golf_ball_exemplar1.jpg,0.488889,0.571429
golf club,sports,nonliving,golf_club_exemplar1.jpg,0.781818,0.730769
hockey mask,sports,nonliving,hockey_mask_exemplar1.jpg,0.7,0.344828
hockey stick,sports,nonliving,hockey_stick_exemplar1.jpg,0.574074,0.538462
hunting bow,sports,nonliving,hunting_bow_exemplar1.jpg,0.607143,0.535714
jumprope,sports,nonliving,jumprope_exemplar1.jpg,0.607143,0.307692
kayak,sports,nonliving,kayak_exemplar1.jpg,0.55102,0.821429
pool ball,sports,nonliving,pool_ball_exemplar1.jpg,0.46,0.413793
raquet,sports,nonliving,raquet_exemplar1.jpg,0.310345,0.461538
rollerblade,sports,nonliving,rollerblade_exemplar1.jpg,0.457143,NA
rollerskates,sports,nonliving,rollerskates_exemplar1.jpg,0.477273,0.636364
shuttlecock,sports,nonliving,shuttlecock_exemplar1.jpg,0.388889,0.423077
skateboard,sports,nonliving,skateboard_exemplar1.jpg,0.413793,0.642857
ski,sports,nonliving,ski_exemplar1.jpg,0.4,0.604651
soccer ball,sports,nonliving,soccerball_exemplar1.jpg,0.477272727,NA
stationary bike,sports,nonliving,stationary_bike_exemplar1.jpg,0.46,0.5
surfboard,sports,nonliving,surfboard_exemplar1.jpg,0.530612,0.428571
tennis ball,sports,nonliving,tennis_ball_exemplar1.jpg,0.781818,0.555556
tent,sports,nonliving,tent_exemplar1.jpg,0.527778,0.37931
thermos,sports,nonliving,thermos_exemplar1.jpg,0.551724,0.321429
weight bench,sports,nonliving,weight_bench_exemplar1.jpg,0.545455,0.466667
air conditioner,street items,nonliving,air_conditioner_exemplar1.jpg,0.491228,0.32
ATM,street items,nonliving,ATM_exemplar1.jpg,0.577778,0.511111
bench,street items,nonliving,bench_exemplar1.jpg,0.714286,0.75
bike rack,street items,nonliving,bike_rack_exemplar1.jpg,0.413793,0.285714
bleachers,street items,nonliving,bleachers_exemplar1.jpg,0.690909,0.461538
bush,street items,living,bush_exemplar1.jpg,0.545455,0.37037
doghouse,street items,nonliving,doghouse_exemplar1.jpg,0.84,0.483871
dumpster,street items,nonliving,dumpster_exemplar1.jpg,0.4,0.485714
fire hydrant,street items,nonliving,fire_hydrant_exemplar1.jpg,0.42,0.666667
flag,street items,nonliving,flag_exemplar1.jpg,0.38,0.628571
fountain,street items,nonliving,fountain_exemplar1.jpg,0.618182,0.807692
guardrail,street items,nonliving,guardrail_exemplar1.jpg,0.428571,0.318182
lamppost,street items,nonliving,lamppost_exemplar1.jpg,0.444444,0.533333
mailbox,street items,nonliving,mailbox_exemplar1.jpg,0.333333,NA
metal fence,street items,nonliving,metal_fence_exemplar1.jpg,0.44,0.205882
parking meter,street items,nonliving,parking_meter_exemplar1.jpg,0.482759,0.571429
picnic table,street items,nonliving,picnic_table_exemplar1.jpg,0.574074,0.36
pool,street items,nonliving,pool_exemplar1.jpg,0.413793,0.464286
power lines,street items,nonliving,power_lines_exemplar1.jpg,0.428571,0.357143
railroad,street items,nonliving,railroad_exemplar1.jpg,0.333333,NA
recycling bin,street items,nonliving,recycling_bin_exemplar1.jpg,0.583333,0.516129
road,street items,nonliving,road_exemplar1.jpg,0.448276,0.5
shopping cart,street items,nonliving,shopping_cart_exemplar1.jpg,0.611111,0.461538
sidewalk,street items,nonliving,sidewalk_exemplar1.jpg,0.8,0.387097
slide,street items,nonliving,slide_exemplar1.jpg,0.314286,0.689655
soda machine,street items,nonliving,soda_machine_exemplar1.jpg,0.535714,0.555556
swingset,street items,nonliving,swingset_exemplar1.jpg,0.44186,0.454545
telephone booth,street items,nonliving,telephone_booth_exemplar1.jpg,0.488372,0.727273
tombstone,street items,nonliving,tombstone_exemplar1.jpg,0.408163,0.555556
traffic light,street items,nonliving,traffic_light_exemplar1.jpg,0.314286,NA
transformer,street items,nonliving,transformer_exemplar1.jpg,0.622222,0.454545
trash bin,street items,nonliving,trash_bin_exemplar1.jpg,0.42,0.62963
trash can,street items,nonliving,trash_can_exemplar1.jpg,0.66,0.586207
water fountain,street items,nonliving,water_fountain_exemplar1.jpg,0.571429,0.555556
wooden fence,street items,living,wooden_fence_exemplar1.jpg,0.36,0.37037
anchor,tool,nonliving,anchor_exemplar1.jpg,0.607143,0.407407
axe,tool,nonliving,axe_exemplar1.jpg,0.52,0.535714
barometer,tool,nonliving,barometer_exemplar1.jpg,0.589286,0.37037
binoculars,tool,nonliving,binoculars_exemplar1.jpg,0.448276,0.62963
bobber,tool,nonliving,bobber_exemplar1.jpg,0.464286,0.444444
briefcase,tool,nonliving,briefcase_exemplar1.jpg,0.32,0.423077
broom,tool,nonliving,broom_exemplar1.jpg,0.305556,0.7
bucket,tool,nonliving,bucket_exemplar1.jpg,0.77551,0.586207
butterfly net,tool,nonliving,butterfly_net_exemplar1.jpg,0.469388,NA
cane,tool,nonliving,cane_exemplar1.jpg,0.583333,0.777778
canteen,tool,nonliving,canteen_exemplar1.jpg,0.482143,0.37037
carabiner,tool,nonliving,carabiner_exemplar1.jpg,0.636364,0.296296
chisel,tool,nonliving,chisel_exemplar1.jpg,0.462963,0.37037
clamp,tool,nonliving,clamp_exemplar1.jpg,0.5,0.676471
compass,tool,nonliving,compass_exemplar1.jpg,0.275862,0.571429
crowbar,tool,nonliving,crowbar_exemplar1.jpg,0.591837,0.533333
curling iron,tool,nonliving,curling_iron_exemplar1.jpg,0.877551,0.428571
drill,tool,nonliving,drill_exemplar1.jpg,0.363636,0.651163
easel,tool,nonliving,easel_exemplar1.jpg,0.444444,0.586207
electric saw,tool,nonliving,electric_saw_exemplar1.jpg,0.285714,0.535714
file,tool,nonliving,file_exemplar1.jpg,0.6,NA
filmreel,tool,nonliving,filmreel_exemplar1.jpg,0.465116,0.380952
fish hook,tool,nonliving,fish_hook_exemplar1.jpg,0.777778,0.55814
fishing lure,tool,nonliving,fishing_lure_exemplar1.jpg,0.844444,0.704545
flashlight,tool,nonliving,flashlight_exemplar1.jpg,0.529412,0.518519
funnel,tool,nonliving,funnel_exemplar1.jpg,0.25,0.37037
gas can,tool,nonliving,gas_can_exemplar1.jpg,0.711111,0.581395
gavel,tool,nonliving,gavel_exemplar1.jpg,0.361111,0.5
gear,tool,nonliving,gear_exemplar1.jpg,0.631579,0.407407
hacksaw,tool,nonliving,hacksaw_exemplar1.jpg,0.485714,0.428571
hairdryer,tool,nonliving,hairdryer_exemplar1.jpg,0.517241,0.692308
hammer,tool,nonliving,hammer_exemplar1.jpg,0.514286,NA
hand saw,tool,nonliving,hand_saw_exemplar1.jpg,0.522727,0.522727
handcuff,tool,nonliving,handcuff_exemplar1.jpg,0.685714,NA
hay bale,tool,nonliving,hay_bale_exemplar1.jpg,0.818182,0.659091
hoe,tool,nonliving,hoe_exemplar1.jpg,0.367347,0.357143
hose,tool,nonliving,hose_exemplar1.jpg,0.34,0.464286
hourglass,tool,nonliving,hourglass_exemplar1.jpg,0.642857,0.481481
knife,tool,nonliving,knife_exemplar1.jpg,0.555556,0.6
lantern,tool,nonliving,lantern_exemplar1.jpg,0.555556,NA
leash,tool,nonliving,leash_exemplar1.jpg,0.346154,0.36
lighter,tool,nonliving,lighter_exemplar1.jpg,0.5,0.555556
lock,tool,nonliving,lock_exemplar1.jpg,0.37931,0.692308
lock cutters,tool,nonliving,lock_cutters_exemplar1.jpg,0.62,0.310345
loofah,tool,nonliving,loofah_exemplar1.jpg,0.4,0.346154
magnet,tool,nonliving,magnet_exemplar1.jpg,0.46,0.607143
mallet,tool,nonliving,mallet_exemplar1.jpg,0.571429,0.37037
measuring tape,tool,nonliving,measuring_tape_exemplar1.jpg,0.344828,0.5
med kit,tool,nonliving,med_kit_exemplar1.jpg,0.333333,0.517241
microscope,tool,nonliving,microscope_exemplar1.jpg,0.333333,0.428571
nut,tool,nonliving,nut_exemplar1.jpg,0.46,0.514286
oil can,tool,nonliving,oil_can_exemplar1.jpg,0.622222,0.577778
pail,tool,nonliving,pail_exemplar1.jpg,0.320755,0.37037
paint,tool,nonliving,paint_exemplar1.jpg,0.363636,0.535714
paint can,tool,nonliving,paint_can_exemplar1.jpg,0.416667,0.666667
paint roller,tool,nonliving,paint_roller_exemplar1.jpg,0.485714,NA
paintbrush,tool,nonliving,paintbrush_exemplar1.jpg,0.311111,0.44186
payphone,tool,nonliving,payphone_exemplar1.jpg,0.37931,0.333333
periscope,tool,nonliving,periscope_exemplar1.jpg,0.34,0.392857
personal fan,tool,nonliving,personal_fan_exemplar1.jpg,0.25,0.344828
pick,tool,nonliving,pick_exemplar1.jpg,0.586207,0.222222
pincushion,tool,nonliving,pincushion_exemplar1.jpg,0.333333,0.5
pliers,tool,nonliving,pliers_exemplar1.jpg,0.510204,0.340909
plunger,tool,nonliving,plunger_exemplar1.jpg,0.666667,0.622222
pocket knife,tool,nonliving,pocket_knife_exemplar1.jpg,0.346939,0.580645
rake,tool,nonliving,rake_exemplar1.jpg,0.5,0.68
razor,tool,nonliving,razor_exemplar1.jpg,0.58,0.441176
rope,tool,nonliving,rope_exemplar1.jpg,0.642857,0.555556
safe,tool,nonliving,safe_exemplar1.jpg,0.571429,0.657143
safety pin,tool,nonliving,safety_pin_exemplar1.jpg,0.551724,0.703704
sandpaper,tool,nonliving,sandpaper_exemplar1.jpg,0.509091,0.384615
satellite dish,tool,nonliving,satellitedish_exemplar1.jpg,0.24,NA
saw blade,tool,nonliving,saw_blade_exemplar1.jpg,0.48,0.758621
scales,tool,nonliving,scales_exemplar1.jpg,0.709091,0.76
scraper,tool,nonliving,scraper_exemplar1.jpg,0.444444,NA
screw,tool,nonliving,screw_exemplar1.jpg,0.462963,0.384615
screwdriver,tool,nonliving,screwdriver_exemplar1.jpg,0.4,0.407407
scythe,tool,nonliving,scythe_exemplar1.jpg,0.485714,NA
seatbelt,tool,nonliving,seatbelt_exemplar1.jpg,0.32,0.558824
shear,tool,nonliving,shear_exemplar1.jpg,0.222222,NA
shopping bag,tool,nonliving,shopping_bag_exemplar1.jpg,0.326531,0.555556
shovel,tool,nonliving,shovel_exemplar1.jpg,0.488889,0.555556
sickle,tool,nonliving,sickle_exemplar1.jpg,0.306122,0.333333
spool,tool,nonliving,spool_exemplar1.jpg,0.3,0.444444
spring,tool,nonliving,spring_exemplar1.jpg,0.344828,0.481481
stamp,tool,nonliving,stamp_exemplar1.jpg,0.6,0.230769
strainer,tool,nonliving,strainer_exemplar1.jpg,0.42,0.444444
sundial,tool,nonliving,sundial_exemplar1.jpg,0.472222,NA
swiss army knife,tool,nonliving,swiss_army_knife_exemplar1.jpg,0.577778,0.555556
syringe,tool,nonliving,syringe_exemplar1.jpg,0.6,0.6
telescope,tool,nonliving,telescope_exemplar1.jpg,0.533333,0.47619
toolbox,tool,nonliving,toolbox_exemplar1.jpg,0.381818,0.692308
trowel,tool,nonliving,trowel_exemplar1.jpg,0.55102,0.481481
valve,tool,nonliving,valve_exemplar1.jpg,0.38,0.266667
walker,tool,nonliving,walker_exemplar1.jpg,0.62069,0.62963
washboard,tool,nonliving,washboard_exemplar1.jpg,0.367347,0.371429
wheelbarrow,tool,nonliving,wheelbarrow_exemplar1.jpg,0.607143,0.64
whistle,tool,nonliving,whistle_exemplar1.jpg,0.697674,0.571429
wire,tool,nonliving,wire_exemplar1.jpg,0.510204,0.428571
wrench,tool,nonliving,wrench_exemplar1.jpg,0.553571,0.615385
yarn,tool,nonliving,yarn_exemplar1.jpg,0.561404,0.259259
balloon,toys,nonliving,balloon_exemplar1.jpg,0.446429,0.518519
chess bishop,toys,nonliving,chess_bishop_exemplar1.jpg,0.642857,0.481481
clown,toys,nonliving,clown_exemplar1.jpg,0.909091,0.545455
crayon,toys,nonliving,crayon_exemplar1.jpg,0.48,0.647059
dinosaur,toys,nonliving,dinosaur_exemplar1.jpg,0.758621,0.892857
dinosaur toy,toys,nonliving,dinosaur_toy_exemplar1.jpg,0.714286,0.814815
doll,toys,nonliving,doll_exemplar1.jpg,0.888889,0.777778
dollhouse,toys,nonliving,dollhouse_exemplar1.jpg,0.285714,0.448276
giraffe toy,toys,nonliving,giraffe_toy_exemplar1.jpg,0.535714,0.821429
nesting dolls,toys,nonliving,nesting_dolls_exemplar1.jpg,0.666667,NA
nun,toys,nonliving,nun_exemplar1.jpg,0.772727,0.377778
rattle,toys,nonliving,rattle_exemplar1.jpg,0.305556,NA
rockinghorse,toys,nonliving,rockinghorse_exemplar1.jpg,0.613636,0.772727
rubber duck,toys,nonliving,rubber_duck_exemplar1.jpg,0.666667,NA
sand bucket,toys,nonliving,sand_bucket_exemplar1.jpg,0.38,0.535714
slinky,toys,nonliving,slinky_exemplar1.jpg,0.457143,0.7
teddybear,toys,nonliving,teddybear_exemplar1.jpg,0.688889,0.767442
toy,toys,nonliving,toy_exemplar1.jpg,0.511111,0.688889
toy apple,toys,nonliving,toy_apple_exemplar1.jpg,0.551724,0.518519
toy basket,toys,nonliving,toy_basket_exemplar1.jpg,0.469388,0.428571
toy indian,toys,nonliving,toy_indian_exemplar1.jpg,NA,NA
toy phone,toys,nonliving,toy_phone_exemplar1.jpg,0.603774,0.68
toy soldier,toys,nonliving,toy_soldier_exemplar1.jpg,0.672727,0.666667
toy train,toys,nonliving,toy_train_exemplar1.jpg,0.387755,0.485714
toy wagon,toys,nonliving,toy_wagon_exemplar1.jpg,0.693878,NA
toy xylophone,toys,nonliving,toy_xylophone_exemplar1.jpg,0.277778,0.645161
water gun,toys,nonliving,water_gun_exemplar1.jpg,0.571429,0.740741
yoyo,toys,nonliving,yoyo_exemplar1.jpg,0.58,0.592593
artichoke,vegetable,living,artichoke_exemplar1.jpg,0.955556,0.545455
asparagus,vegetable,living,asparagus_exemplar1.jpg,0.694444,NA
avocado,vegetable,living,avocado_exemplar1.jpg,0.844444,0.75
bell pepper,vegetable,living,bell_pepper_exemplar1.jpg,0.827586,0.714286
black-eyed peas,vegetable,living,black-eyed_peas_exemplar1.jpg,0.428571,0.3
broccoli,vegetable,living,broccoli_exemplar1.jpg,0.862069,0.821429
cabbage,vegetable,living,cabbage_exemplar1.jpg,0.886364,0.704545
carrot,vegetable,living,carrot_exemplar1.jpg,0.836735,0.848485
cauliflower,vegetable,living,cauliflower_exemplar1.jpg,0.727273,0.592593
celery,vegetable,living,celery_exemplar1.jpg,0.8,0.590909
chickpea,vegetable,living,chickpea_exemplar1.jpg,0.628571,0.4
chili,vegetable,living,chili_exemplar1.jpg,0.877551,0.387097
cucumber,vegetable,living,cucumber_exemplar1.jpg,0.857143,0.5
eggplant,vegetable,living,eggplant_exemplar1.jpg,0.777778,0.72
garlic,vegetable,living,garlic_exemplar1.jpg,0.724138,0.592593
ginger,vegetable,living,ginger_exemplar1.jpg,0.857143,0.538462
leek,vegetable,living,leek_exemplar1.jpg,0.86,0.333333
lettuce,vegetable,living,lettuce_exemplar1.jpg,0.583333,0.516129
mushroom,vegetable,living,mushroom_exemplar1.jpg,0.72,0.69697
okra,vegetable,living,okra_exemplar1.jpg,0.793103,0.678571
onion,vegetable,living,onion_exemplar1.jpg,0.758621,0.714286
pea,vegetable,living,pea_exemplar1.jpg,0.771429,NA
pickle,vegetable,living,pickle_exemplar1.jpg,0.897959,0.705882
potato,vegetable,living,potato_exemplar1.jpg,0.763636,0.615385
pumpkin,vegetable,living,pumpkin_exemplar1.jpg,0.821429,0.703704
radish,vegetable,living,radish_exemplar1.jpg,0.588235,NA
snow peas,vegetable,living,snow_peas_exemplar1.jpg,0.714286,0.653846
spinach,vegetable,living,spinach_exemplar1.jpg,0.840909,0.555556
squash,vegetable,living,squash_exemplar1.jpg,0.5,0.777778
tomato,vegetable,living,tomato_exemplar1.jpg,0.82,0.576923
yam,vegetable,living,yam_exemplar1.jpg,0.9,0.444444
zucchini,vegetable,living,zucchini_exemplar1.jpg,0.833333,0.538462
ambulance,vehicle,nonliving,ambulance_exemplar1.jpg,0.655172,0.571429
armored personnel vehicle,vehicle,nonliving,armored_personnel_vehicle_exemplar1.jpg,0.473684,0.296296
ATV,vehicle,nonliving,ATV_exemplar1.jpg,0.574074,0.384615
bicycle,vehicle,nonliving,bicycle_exemplar1.jpg,0.444444,NA
biplane,vehicle,nonliving,biplane_exemplar1.jpg,0.46,0.259259
bulldozer,vehicle,nonliving,bulldozer_exemplar1.jpg,0.413793,0.555556
canoe,vehicle,nonliving,canoe_exemplar1.jpg,0.367347,0.821429
car,vehicle,nonliving,car_exemplar1.jpg,0.34,0.607143
cargo ship,vehicle,nonliving,cargo_ship_exemplar1.jpg,0.542857,0.612903
chain,vehicle,nonliving,chain_exemplar1.jpg,0.457143,NA
compact car,vehicle,nonliving,compact_car_exemplar1.jpg,0.206897,0.5
convertible,vehicle,nonliving,convertible_exemplar1.jpg,0.37931,0.444444
covered wagon,vehicle,nonliving,covered_wagon_exemplar1.jpg,0.37931,0.5
doubledecker bus,vehicle,nonliving,doubledecker_bus_exemplar1.jpg,0.714286,NA
firetruck,vehicle,nonliving,firetruck_exemplar1.jpg,0.88,0.5
galleon,vehicle,nonliving,galleon_exemplar1.jpg,0.571429,0.428571
golfcart,vehicle,nonliving,golfcart_exemplar1.jpg,0.611111,NA
hearse,vehicle,nonliving,hearse_exemplar1.jpg,0.44,0.428571
helicopter,vehicle,nonliving,helicopter_exemplar1.jpg,0.596154,0.52
hot air balloon,vehicle,nonliving,hot_air_balloon_exemplar1.jpg,0.62069,0.62963
jeep,vehicle,nonliving,jeep_exemplar1.jpg,0.479167,0.428571
jet,vehicle,nonliving,jet_exemplar1.jpg,0.422222,0.52381
jet-ski,vehicle,nonliving,jet-ski_exemplar1.jpg,0.310345,0.333333
lamborghini,vehicle,nonliving,lamborghini_exemplar1.jpg,0.32,0.428571
minivan,vehicle,nonliving,minivan_exemplar1.jpg,0.18,0.464286
moped,vehicle,nonliving,moped_exemplar1.jpg,0.357143,0.307692
motorboat,vehicle,nonliving,motorboat_exemplar1.jpg,0.469388,0.548387
motorcycle,vehicle,nonliving,motorcycle_exemplar1.jpg,0.163265,0.617647
passenger plane,vehicle,nonliving,passenger_plane_exemplar1.jpg,0.54,0.6
pickup truck,vehicle,nonliving,pickup_truck_exemplar1.jpg,0.355556,0.348837
plane,vehicle,nonliving,plane_exemplar1.jpg,0.22449,0.766667
police car,vehicle,nonliving,police_car_exemplar1.jpg,0.333333,0.518519
racecar,vehicle,nonliving,racecar_exemplar1.jpg,0.363636,0.452381
raft,vehicle,nonliving,raft_exemplar1.jpg,0.458333,0.352941
rocket,vehicle,nonliving,rocket_exemplar1.jpg,0.305556,0.517241
rowboat,vehicle,nonliving,rowboat_exemplar1.jpg,0.388889,NA
sailboat,vehicle,nonliving,sailboat_exemplar1.jpg,0.527273,0.592593
satellite,vehicle,nonliving,satellite_exemplar1.jpg,0.382353,0.518519
schoolbus,vehicle,nonliving,schoolbus_exemplar1.jpg,0.622222,0.641026
scooter,vehicle,nonliving,scooter_exemplar1.jpg,0.177778,0.568182
sedan,vehicle,nonliving,sedan_exemplar1.jpg,0.310345,0.592593
sled,vehicle,nonliving,sled_exemplar1.jpg,0.321429,0.555556
sleigh,vehicle,nonliving,sleigh_exemplar1.jpg,0.5,0.422222
snowmobile,vehicle,nonliving,snowmobile_exemplar1.jpg,0.7,0.310345
space shuttle,vehicle,nonliving,space_shuttle_exemplar1.jpg,0.557692,0.444444
steam engine,vehicle,nonliving,steam_engine_exemplar1.jpg,0.52,0.357143
taxi,vehicle,nonliving,taxi_exemplar1.jpg,0.285714,0.75
tire,vehicle,nonliving,tire_exemplar1.jpg,0.42,0.428571
tour bus,vehicle,nonliving,tour_bus_exemplar1.jpg,0.755556,0.475
tractor,vehicle,nonliving,tractor_exemplar1.jpg,0.416667,0.5
trailer,vehicle,nonliving,trailer_exemplar1.jpg,0.553571,0.407407
train,vehicle,nonliving,train_exemplar1.jpg,0.509091,0.769231
tricycle,vehicle,nonliving,tricycle_exemplar1.jpg,0.34,0.518519
trolley,vehicle,nonliving,trolley_exemplar1.jpg,0.416667,0.53125
truck,vehicle,nonliving,truck_exemplar1.jpg,0.577778,0.613636
van,vehicle,nonliving,van_exemplar1.jpg,0.327273,0.5
Volkswagen beetle,vehicle,nonliving,Volkswagen_beetle_exemplar1.jpg,0.522727,0.466667
wagon wheel,vehicle,nonliving,wagon_wheel_exemplar1.jpg,0.4,0.488372
wheelchair,vehicle,nonliving,wheelchair_exemplar1.jpg,0.48,0.571429
yacht,vehicle,nonliving,yacht_exemplar1.jpg,0.371429,0.655172